<?xml version="1.0" encoding="utf-8" ?>

<Patch>
	<Operation Class="PatchOperationFindMod">
		<mods>
			<li>Core</li>
		</mods>
		<match Class="PatchOperationSequence">
			<success>Always</success>
			<operations>
				<!--===================================================================== level 1 =============================================-->
				<li Class="PatchOperationInsert">
					<xpath>/Defs/ResearchProjectDef[defName="Devilstrand"]/researchViewY</xpath>
					<value>
						<techprintCount>2</techprintCount>					<!--необходимое количество-->	
						<techprintCommonality>3</techprintCommonality>		<!--вес в пуле-->	
						<techprintMarketValue>1000</techprintMarketValue>	<!--цена чертежа-->	
						<heldByFactionCategoryTags>							<!--фракции, торгаши и квесты от которых их имеют-->	
							<li>Empire</li>
							<li>Outlander</li>
							<li>Tribal</li>
							<li>Pirate</li>
							<li>VFEV_Vikings</li>
						</heldByFactionCategoryTags>
					</value>
				</li>
				<li Class="PatchOperationInsert">
					<xpath>/Defs/ResearchProjectDef[defName="Pemmican"]/researchViewY</xpath>
					<value>
						<techprintCount>1</techprintCount>
						<techprintCommonality>3</techprintCommonality>
						<techprintMarketValue>1000</techprintMarketValue>
						<heldByFactionCategoryTags>
							<li>Empire</li>
							<li>Outlander</li>
							<li>Tribal</li>
							<li>Pirate</li>
							<li>VFEV_Vikings</li>
						</heldByFactionCategoryTags>
					</value>
				</li>
				<li Class="PatchOperationInsert">
					<xpath>/Defs/ResearchProjectDef[defName="Smithing"]/researchViewY</xpath>
					<value>
						<techprintCount>1</techprintCount>
						<techprintCommonality>3</techprintCommonality>
						<techprintMarketValue>1000</techprintMarketValue>
						<heldByFactionCategoryTags>
							<li>Empire</li>
							<li>Outlander</li>
							<li>Tribal</li>
							<li>Pirate</li>
							<li>VFEV_Vikings</li>
						</heldByFactionCategoryTags>
					</value>
				</li>
				<li Class="PatchOperationInsert">
					<xpath>/Defs/ResearchProjectDef[defName="PsychiteRefining"]/researchViewY</xpath>
					<value>
						<techprintCount>2</techprintCount>
						<techprintCommonality>3</techprintCommonality>
						<techprintMarketValue>1000</techprintMarketValue>
						<heldByFactionCategoryTags>
							<li>Empire</li>
							<li>Outlander</li>
							<li>Tribal</li>
							<li>Pirate</li>
							<li>VFEV_Vikings</li>
						</heldByFactionCategoryTags>
					</value>
				</li>
				<li Class="PatchOperationInsert">
					<xpath>/Defs/ResearchProjectDef[defName="WakeUpProduction"]/researchViewY</xpath>
					<value>
						<techprintCount>1</techprintCount>
						<techprintCommonality>3</techprintCommonality>
						<techprintMarketValue>1000</techprintMarketValue>
						<heldByFactionCategoryTags>
							<li>Empire</li>
							<li>Outlander</li>
							<li>Tribal</li>
							<li>Pirate</li>
							<li>VFEV_Vikings</li>
						</heldByFactionCategoryTags>
					</value>
				</li>
				<li Class="PatchOperationInsert">
					<xpath>/Defs/ResearchProjectDef[defName="GoJuiceProduction"]/researchViewY</xpath>
					<value>
						<techprintCount>1</techprintCount>
						<techprintCommonality>3</techprintCommonality>
						<techprintMarketValue>1000</techprintMarketValue>
						<heldByFactionCategoryTags>
							<li>Empire</li>
							<li>Outlander</li>
							<li>Tribal</li>
							<li>Pirate</li>
							<li>VFEV_Vikings</li>
						</heldByFactionCategoryTags>
					</value>
				</li>
				<li Class="PatchOperationInsert">
					<xpath>/Defs/ResearchProjectDef[defName="PenoxycylineProduction"]/researchViewY</xpath>
					<value>
						<techprintCount>1</techprintCount>
						<techprintCommonality>3</techprintCommonality>
						<techprintMarketValue>1000</techprintMarketValue>
						<heldByFactionCategoryTags>
							<li>Empire</li>
							<li>Outlander</li>
							<li>Tribal</li>
							<li>Pirate</li>
							<li>VFEV_Vikings</li>
						</heldByFactionCategoryTags>
					</value>
				</li>
				<li Class="PatchOperationInsert">
					<xpath>/Defs/ResearchProjectDef[defName="LongBlades"]/researchViewY</xpath>
					<value>
						<techprintCount>1</techprintCount>
						<techprintCommonality>3</techprintCommonality>
						<techprintMarketValue>1000</techprintMarketValue>
						<heldByFactionCategoryTags>
							<li>Empire</li>
							<li>Outlander</li>
							<li>Tribal</li>
							<li>Pirate</li>
							<li>VFEV_Vikings</li>
						</heldByFactionCategoryTags>
					</value>
				</li>

				<li Class="PatchOperationInsert">
					<xpath>/Defs/ResearchProjectDef[defName="Greatbow"]/researchViewY</xpath>
					<value>
						<techprintCount>1</techprintCount>
						<techprintCommonality>3</techprintCommonality>
						<techprintMarketValue>1000</techprintMarketValue>
						<heldByFactionCategoryTags>
							<li>Tribal</li>
							<li>VFEV_Vikings</li>
						</heldByFactionCategoryTags>
					</value>
				</li>

				<li Class="PatchOperationInsert">
					<xpath>/Defs/ResearchProjectDef[defName="RecurveBow"]/researchViewY</xpath>
					<value>
						<techprintCount>1</techprintCount>
						<techprintCommonality>3</techprintCommonality>
						<techprintMarketValue>1000</techprintMarketValue>
						<heldByFactionCategoryTags>
							<li>Tribal</li>
							<li>VFEV_Vikings</li>
						</heldByFactionCategoryTags>
					</value>
				</li>
				<!--===================================================================== level 2 =============================================-->
				<li Class="PatchOperationInsert">
					<xpath>/Defs/ResearchProjectDef[defName="Electricity"]/researchViewY</xpath>
					<value>
						<techprintCount>3</techprintCount>
						<techprintCommonality>3</techprintCommonality>
						<techprintMarketValue>1000</techprintMarketValue>
						<heldByFactionCategoryTags>
							<li>Empire</li>
							<li>Outlander</li>
							<li>Pirate</li>
							<li>VFEV_Vikings</li>
						</heldByFactionCategoryTags>
					</value>
				</li>
				<li Class="PatchOperationInsert">
					<xpath>/Defs/ResearchProjectDef[defName="Batteries"]/researchViewY</xpath>
					<value>
						<techprintCount>1</techprintCount>
						<techprintCommonality>3</techprintCommonality>
						<techprintMarketValue>500</techprintMarketValue>
						<heldByFactionCategoryTags>
							<li>Empire</li>
							<li>Outlander</li>
							<li>Pirate</li>
						</heldByFactionCategoryTags>
					</value>
				</li>
				<li Class="PatchOperationInsert">
					<xpath>/Defs/ResearchProjectDef[defName="BiofuelRefining"]/researchViewY</xpath>
					<value>
						<techprintCount>1</techprintCount>
						<techprintCommonality>3</techprintCommonality>
						<techprintMarketValue>500</techprintMarketValue>
						<heldByFactionCategoryTags>
							<li>Empire</li>
							<li>Outlander</li>
							<li>Pirate</li>
						</heldByFactionCategoryTags>
					</value>
				</li>
				<li Class="PatchOperationInsert">
					<xpath>/Defs/ResearchProjectDef[defName="NutrientPaste"]/researchViewY</xpath>
					<value>
						<techprintCount>1</techprintCount>
						<techprintCommonality>3</techprintCommonality>
						<techprintMarketValue>500</techprintMarketValue>
						<heldByFactionCategoryTags>
							<li>Empire</li>
							<li>Outlander</li>
							<li>Pirate</li>
						</heldByFactionCategoryTags>
					</value>
				</li>
				<li Class="PatchOperationInsert">
					<xpath>/Defs/ResearchProjectDef[defName="SolarPanels"]/researchViewY</xpath>
					<value>
						<techprintCount>1</techprintCount>
						<techprintCommonality>3</techprintCommonality>
						<techprintMarketValue>500</techprintMarketValue>
						<heldByFactionCategoryTags>
							<li>Empire</li>
							<li>Outlander</li>
							<li>Pirate</li>
						</heldByFactionCategoryTags>
					</value>
				</li>
				<li Class="PatchOperationInsert">
					<xpath>/Defs/ResearchProjectDef[defName="Autodoors"]/researchViewY</xpath>
					<value>
						<techprintCount>2</techprintCount>
						<techprintCommonality>3</techprintCommonality>
						<techprintMarketValue>500</techprintMarketValue>
						<heldByFactionCategoryTags>
							<li>Empire</li>
							<li>Outlander</li>
							<li>Pirate</li>
						</heldByFactionCategoryTags>
					</value>
				</li>
				<li Class="PatchOperationInsert">
					<xpath>/Defs/ResearchProjectDef[defName="Hydroponics"]/researchViewY</xpath>
					<value>
						<techprintCount>3</techprintCount>
						<techprintCommonality>3</techprintCommonality>
						<techprintMarketValue>700</techprintMarketValue>
						<heldByFactionCategoryTags>
							<li>Empire</li>
							<li>Outlander</li>
							<li>Pirate</li>
						</heldByFactionCategoryTags>
					</value>
				</li>
				<li Class="PatchOperationInsert">
					<xpath>/Defs/ResearchProjectDef[defName="TubeTelevision"]/researchViewY</xpath>
					<value>
						<techprintCount>1</techprintCount>
						<techprintCommonality>3</techprintCommonality>
						<techprintMarketValue>500</techprintMarketValue>
						<heldByFactionCategoryTags>
							<li>Empire</li>
							<li>Outlander</li>
							<li>Pirate</li>
						</heldByFactionCategoryTags>
					</value>
				</li>
				<li Class="PatchOperationInsert">
					<xpath>/Defs/ResearchProjectDef[defName="IEDs"]/researchViewY</xpath>
					<value>
						<techprintCount>1</techprintCount>
						<techprintCommonality>3</techprintCommonality>
						<techprintMarketValue>500</techprintMarketValue>
						<heldByFactionCategoryTags>
							<li>Empire</li>
							<li>Outlander</li>
							<li>Pirate</li>
						</heldByFactionCategoryTags>
					</value>
				</li>
				<li Class="PatchOperationInsert">
					<xpath>/Defs/ResearchProjectDef[defName="GeothermalPower"]/researchViewY</xpath>
					<value>
						<techprintCount>4</techprintCount>
						<techprintCommonality>3</techprintCommonality>
						<techprintMarketValue>1000</techprintMarketValue>
						<heldByFactionCategoryTags>
							<li>Empire</li>
							<li>Outlander</li>
							<li>Pirate</li>
						</heldByFactionCategoryTags>
					</value>
				</li>
				<li Class="PatchOperationInsert">
					<xpath>/Defs/ResearchProjectDef[defName="SterileMaterials"]/researchViewY</xpath>
					<value>
						<techprintCount>1</techprintCount>
						<techprintCommonality>3</techprintCommonality>
						<techprintMarketValue>500</techprintMarketValue>
						<heldByFactionCategoryTags>
							<li>Empire</li>
							<li>Outlander</li>
							<li>Pirate</li>
						</heldByFactionCategoryTags>
					</value>
				</li>
				<li Class="PatchOperationInsert">
					<xpath>/Defs/ResearchProjectDef[defName="Machining"]/researchViewY</xpath>
					<value>
						<techprintCount>2</techprintCount>
						<techprintCommonality>3</techprintCommonality>
						<techprintMarketValue>500</techprintMarketValue>
						<heldByFactionCategoryTags>
							<li>Empire</li>
							<li>Outlander</li>
							<li>Pirate</li>
							<li>VFEV_Vikings</li>
						</heldByFactionCategoryTags>
					</value>
				</li>
				<li Class="PatchOperationInsert">
					<xpath>/Defs/ResearchProjectDef[defName="SmokepopBelt"]/researchViewY</xpath>
					<value>
						<techprintCount>1</techprintCount>
						<techprintCommonality>3</techprintCommonality>
						<techprintMarketValue>500</techprintMarketValue>
						<heldByFactionCategoryTags>
							<li>Empire</li>
							<li>Outlander</li>
							<li>Pirate</li>
						</heldByFactionCategoryTags>
					</value>
				</li>
				<li Class="PatchOperationInsert">
					<xpath>/Defs/ResearchProjectDef[defName="Prosthetics"]/researchViewY</xpath>
					<value>
						<techprintCount>1</techprintCount>
						<techprintCommonality>3</techprintCommonality>
						<techprintMarketValue>1000</techprintMarketValue>
						<heldByFactionCategoryTags>
							<li>Empire</li>
							<li>Outlander</li>
							<li>Pirate</li>
							<li>VFEV_Vikings</li>
						</heldByFactionCategoryTags>
					</value>
				</li>
				<li Class="PatchOperationInsert">
					<xpath>/Defs/ResearchProjectDef[defName="Gunsmithing"]/researchViewY</xpath>
					<value>
						<techprintCount>1</techprintCount>
						<techprintCommonality>3</techprintCommonality>
						<techprintMarketValue>1000</techprintMarketValue>
						<heldByFactionCategoryTags>
							<li>Empire</li>
							<li>Outlander</li>
							<li>Pirate</li>
						</heldByFactionCategoryTags>
					</value>
				</li>
				<li Class="PatchOperationInsert">
					<xpath>/Defs/ResearchProjectDef[defName="FlakArmor"]/researchViewY</xpath>
					<value>
						<techprintCount>1</techprintCount>
						<techprintCommonality>3</techprintCommonality>
						<techprintMarketValue>1000</techprintMarketValue>
						<heldByFactionCategoryTags>
							<li>Empire</li>
							<li>Outlander</li>
							<li>Pirate</li>
						</heldByFactionCategoryTags>
					</value>
				</li>
				<li Class="PatchOperationInsert">
					<xpath>/Defs/ResearchProjectDef[defName="Mortars"]/researchViewY</xpath>
					<value>
						<techprintCount>1</techprintCount>
						<techprintCommonality>3</techprintCommonality>
						<techprintMarketValue>1500</techprintMarketValue>
						<heldByFactionCategoryTags>
							<li>Empire</li>
							<li>Outlander</li>
							<li>Pirate</li>
						</heldByFactionCategoryTags>
					</value>
				</li>
				<li Class="PatchOperationInsert">
					<xpath>/Defs/ResearchProjectDef[defName="BlowbackOperation"]/researchViewY</xpath>
					<value>
						<techprintCount>1</techprintCount>
						<techprintCommonality>3</techprintCommonality>
						<techprintMarketValue>1500</techprintMarketValue>
						<heldByFactionCategoryTags>
							<li>Empire</li>
							<li>Outlander</li>
							<li>Pirate</li>
						</heldByFactionCategoryTags>
					</value>
				</li>
				<li Class="PatchOperationInsert">
					<xpath>/Defs/ResearchProjectDef[defName="GasOperation"]/researchViewY</xpath>
					<value>
						<techprintCount>2</techprintCount>
						<techprintCommonality>3</techprintCommonality>
						<techprintMarketValue>1500</techprintMarketValue>
						<heldByFactionCategoryTags>
							<li>Empire</li>
							<li>Outlander</li>
							<li>Pirate</li>
						</heldByFactionCategoryTags>
					</value>
				</li>
				<li Class="PatchOperationInsert">
					<xpath>/Defs/ResearchProjectDef[defName="GunTurrets"]/researchViewY</xpath>
					<value>
						<techprintCount>3</techprintCount>
						<techprintCommonality>3</techprintCommonality>
						<techprintMarketValue>1500</techprintMarketValue>
						<heldByFactionCategoryTags>
							<li>Empire</li>
							<li>Outlander</li>
							<li>Pirate</li>
						</heldByFactionCategoryTags>
					</value>
				</li>
				<!--===================================================================== level 3 =============================================-->
				<li Class="PatchOperationInsert">
					<xpath>/Defs/ResearchProjectDef[defName="MicroelectronicsBasics"]/researchViewY</xpath>
					<value>
						<techprintCount>3</techprintCount>
						<techprintCommonality>3</techprintCommonality>
						<techprintMarketValue>1500</techprintMarketValue>
						<heldByFactionCategoryTags>
							<li>Empire</li>
							<li>Outlander</li>
							<li>Pirate</li>
						</heldByFactionCategoryTags>
					</value>
				</li>
				<li Class="PatchOperationInsert">
					<xpath>/Defs/ResearchProjectDef[defName="FlatscreenTelevision"]/researchViewY</xpath>
					<value>
						<techprintCount>1</techprintCount>
						<techprintCommonality>3</techprintCommonality>
						<techprintMarketValue>1500</techprintMarketValue>
						<heldByFactionCategoryTags>
							<li>Empire</li>
							<li>Outlander</li>
							<li>Pirate</li>
						</heldByFactionCategoryTags>
					</value>
				</li>
				<li Class="PatchOperationInsert">
					<xpath>/Defs/ResearchProjectDef[defName="MoisturePump"]/researchViewY</xpath>
					<value>
						<techprintCount>1</techprintCount>
						<techprintCommonality>3</techprintCommonality>
						<techprintMarketValue>1500</techprintMarketValue>
						<heldByFactionCategoryTags>
							<li>Empire</li>
							<li>Outlander</li>
							<li>Pirate</li>
						</heldByFactionCategoryTags>
					</value>
				</li>
				<li Class="PatchOperationInsert">
					<xpath>/Defs/ResearchProjectDef[defName="HospitalBed"]/researchViewY</xpath>
					<value>
						<techprintCount>1</techprintCount>
						<techprintCommonality>3</techprintCommonality>
						<techprintMarketValue>1500</techprintMarketValue>
						<heldByFactionCategoryTags>
							<li>Empire</li>
							<li>Outlander</li>
							<li>Pirate</li>
						</heldByFactionCategoryTags>
					</value>
				</li>
				<li Class="PatchOperationInsert">
					<xpath>/Defs/ResearchProjectDef[defName="DeepDrilling"]/researchViewY</xpath>
					<value>
						<techprintCount>2</techprintCount>
						<techprintCommonality>3</techprintCommonality>
						<techprintMarketValue>1500</techprintMarketValue>
						<heldByFactionCategoryTags>
							<li>Empire</li>
							<li>Outlander</li>
							<li>Pirate</li>
						</heldByFactionCategoryTags>
					</value>
				</li>
				<li Class="PatchOperationInsert">
					<xpath>/Defs/ResearchProjectDef[defName="GroundPenetratingScanner"]/researchViewY</xpath>
					<value>
						<techprintCount>3</techprintCount>
						<techprintCommonality>3</techprintCommonality>
						<techprintMarketValue>1500</techprintMarketValue>
						<heldByFactionCategoryTags>
							<li>Empire</li>
							<li>Outlander</li>
							<li>Pirate</li>
						</heldByFactionCategoryTags>
					</value>
				</li>
				<li Class="PatchOperationInsert">
					<xpath>/Defs/ResearchProjectDef[defName="TransportPod"]/researchViewY</xpath>
					<value>
						<techprintCount>2</techprintCount>
						<techprintCommonality>3</techprintCommonality>
						<techprintMarketValue>1500</techprintMarketValue>
						<heldByFactionCategoryTags>
							<li>Empire</li>
							<li>Outlander</li>
							<li>Pirate</li>
						</heldByFactionCategoryTags>
					</value>
				</li>
				<li Class="PatchOperationInsert">
					<xpath>/Defs/ResearchProjectDef[defName="MedicineProduction"]/researchViewY</xpath>
					<value>
						<techprintCount>2</techprintCount>
						<techprintCommonality>3</techprintCommonality>
						<techprintMarketValue>1500</techprintMarketValue>
						<heldByFactionCategoryTags>
							<li>Empire</li>
							<li>Outlander</li>
							<li>Pirate</li>
						</heldByFactionCategoryTags>
					</value>
				</li>
				<li Class="PatchOperationInsert">
					<xpath>/Defs/ResearchProjectDef[defName="LongRangeMineralScanner"]/researchViewY</xpath>
					<value>
						<techprintCount>10</techprintCount>
						<techprintCommonality>3</techprintCommonality>
						<techprintMarketValue>4000</techprintMarketValue>
						<heldByFactionCategoryTags>
							<li>Empire</li>
							<li>Outlander</li>
							<li>Pirate</li>
						</heldByFactionCategoryTags>
					</value>
				</li>
				<li Class="PatchOperationInsert">
					<xpath>/Defs/ResearchProjectDef[defName="ShieldBelt"]/researchViewY</xpath>
					<value>
						<techprintCount>2</techprintCount>
						<techprintCommonality>3</techprintCommonality>
						<techprintMarketValue>2000</techprintMarketValue>
						<heldByFactionCategoryTags>
							<li>Empire</li>
							<li>Outlander</li>
							<li>Pirate</li>
						</heldByFactionCategoryTags>
					</value>
				</li>
				<li Class="PatchOperationInsert">
					<xpath>/Defs/ResearchProjectDef[defName="PrecisionRifling"]/researchViewY</xpath>
					<value>
						<techprintCount>3</techprintCount>
						<techprintCommonality>3</techprintCommonality>
						<techprintMarketValue>2000</techprintMarketValue>
						<heldByFactionCategoryTags>
							<li>Empire</li>
							<li>Outlander</li>
							<li>Pirate</li>
						</heldByFactionCategoryTags>
					</value>
				</li>
				<li Class="PatchOperationInsert">
					<xpath>/Defs/ResearchProjectDef[defName="HeavyTurrets"]/researchViewY</xpath>
					<value>
						<techprintCount>3</techprintCount>
						<techprintCommonality>3</techprintCommonality>
						<techprintMarketValue>2000</techprintMarketValue>
						<heldByFactionCategoryTags>
							<li>Empire</li>
							<li>Outlander</li>
							<li>Pirate</li>
						</heldByFactionCategoryTags>
					</value>
				</li>
				<li Class="PatchOperationInsert">
					<xpath>/Defs/ResearchProjectDef[defName="MultibarrelWeapons"]/researchViewY</xpath>
					<value>
						<techprintCount>3</techprintCount>
						<techprintCommonality>3</techprintCommonality>
						<techprintMarketValue>2000</techprintMarketValue>
						<heldByFactionCategoryTags>
							<li>Empire</li>
							<li>Outlander</li>
							<li>Pirate</li>
						</heldByFactionCategoryTags>
					</value>
				</li>
				<!--===================================================================== level 4 =============================================-->
				<li Class="PatchOperationInsert">
					<xpath>/Defs/ResearchProjectDef[defName="MultiAnalyzer"]/researchViewY</xpath>
					<value>
						<techprintCount>5</techprintCount>
						<techprintCommonality>3</techprintCommonality>
						<techprintMarketValue>2500</techprintMarketValue>
						<heldByFactionCategoryTags>
							<li>Empire</li>
							<li>Outlander</li>
							<li>Pirate</li>
						</heldByFactionCategoryTags>
					</value>
				</li>
				<li Class="PatchOperationInsert">
					<xpath>/Defs/ResearchProjectDef[defName="VitalsMonitor"]/researchViewY</xpath>
					<value>
						<techprintCount>2</techprintCount>
						<techprintCommonality>3</techprintCommonality>
						<techprintMarketValue>2000</techprintMarketValue>
						<heldByFactionCategoryTags>
							<li>Empire</li>
							<li>Outlander</li>
							<li>Pirate</li>
						</heldByFactionCategoryTags>
					</value>
				</li>
				<li Class="PatchOperationInsert">
					<xpath>/Defs/ResearchProjectDef[defName="Fabrication"]/researchViewY</xpath>
					<value>
						<techprintCount>5</techprintCount>
						<techprintCommonality>3</techprintCommonality>
						<techprintMarketValue>2000</techprintMarketValue>
						<heldByFactionCategoryTags>
							<li>Empire</li>
							<li>Outlander</li>
							<li>Pirate</li>
						</heldByFactionCategoryTags>
					</value>
				</li>
				<li Class="PatchOperationInsert">
					<xpath>/Defs/ResearchProjectDef[defName="AdvancedFabrication"]/researchViewY</xpath>
					<value>
						<techprintCount>5</techprintCount>
						<techprintCommonality>3</techprintCommonality>
						<techprintMarketValue>2000</techprintMarketValue>
						<heldByFactionCategoryTags>
							<li>Empire</li>
							<li>Outlander</li>
							<li>Pirate</li>
						</heldByFactionCategoryTags>
					</value>
				</li>
				<li Class="PatchOperationInsert">
					<xpath>/Defs/ResearchProjectDef[defName="Cryptosleep"]/researchViewY</xpath>
					<value>
						<techprintCount>2</techprintCount>
						<techprintCommonality>3</techprintCommonality>
						<techprintMarketValue>2000</techprintMarketValue>
						<heldByFactionCategoryTags>
							<li>Empire</li>
							<li>Outlander</li>
							<li>Pirate</li>
						</heldByFactionCategoryTags>
					</value>
				</li>
				<li Class="PatchOperationInsert">
					<xpath>/Defs/ResearchProjectDef[defName="ReconArmor"]/researchViewY</xpath>
					<value>
						<techprintCount>3</techprintCount>
						<techprintCommonality>3</techprintCommonality>
						<techprintMarketValue>2500</techprintMarketValue>
						<heldByFactionCategoryTags>
							<li>Empire</li>
							<li>Outlander</li>
							<li>Pirate</li>
						</heldByFactionCategoryTags>
					</value>
				</li>
				<li Class="PatchOperationInsert">
					<xpath>/Defs/ResearchProjectDef[defName="PoweredArmor"]/researchViewY</xpath>
					<value>
						<techprintCount>4</techprintCount>
						<techprintCommonality>3</techprintCommonality>
						<techprintMarketValue>2500</techprintMarketValue>
						<heldByFactionCategoryTags>
							<li>Empire</li>
							<li>Outlander</li>
							<li>Pirate</li>
						</heldByFactionCategoryTags>
					</value>
				</li>
				<li Class="PatchOperationInsert">
					<xpath>/Defs/ResearchProjectDef[defName="ChargedShot"]/researchViewY</xpath>
					<value>
						<techprintCount>5</techprintCount>
						<techprintCommonality>3</techprintCommonality>
						<techprintMarketValue>2500</techprintMarketValue>
						<heldByFactionCategoryTags>
							<li>Empire</li>
							<li>Outlander</li>
							<li>Pirate</li>
						</heldByFactionCategoryTags>
					</value>
				</li>
				<li Class="PatchOperationInsert">
					<xpath>/Defs/ResearchProjectDef[defName="Bionics"]/researchViewY</xpath>
					<value>
						<techprintCount>5</techprintCount>
						<techprintCommonality>3</techprintCommonality>
						<techprintMarketValue>2500</techprintMarketValue>
						<heldByFactionCategoryTags>
							<li>Empire</li>
							<li>Outlander</li>
							<li>Pirate</li>
						</heldByFactionCategoryTags>
					</value>
				</li>
				<li Class="PatchOperationInsert">
					<xpath>/Defs/ResearchProjectDef[defName="SniperTurret"]/researchViewY</xpath>
					<value>
						<techprintCount>3</techprintCount>
						<techprintCommonality>3</techprintCommonality>
						<techprintMarketValue>2500</techprintMarketValue>
						<heldByFactionCategoryTags>
							<li>Empire</li>
							<li>Outlander</li>
							<li>Pirate</li>
						</heldByFactionCategoryTags>
					</value>
				</li>
				<!--===================================================================== level 5 =============================================-->
				<li Class="PatchOperationInsert">
					<xpath>/Defs/ResearchProjectDef[defName="ShipBasics"]/researchViewY</xpath>
					<value>
						<techprintCount>5</techprintCount>
						<techprintCommonality>3</techprintCommonality>
						<techprintMarketValue>3000</techprintMarketValue>
						<heldByFactionCategoryTags>
							<li>Empire</li>
							<li>Outlander</li>
							<li>Pirate</li>
						</heldByFactionCategoryTags>
					</value>
				</li>
				<li Class="PatchOperationInsert">
					<xpath>/Defs/ResearchProjectDef[defName="ShipCryptosleep"]/researchViewY</xpath>
					<value>
						<techprintCount>6</techprintCount>
						<techprintCommonality>3</techprintCommonality>
						<techprintMarketValue>3000</techprintMarketValue>
						<heldByFactionCategoryTags>
							<li>Empire</li>
							<li>Outlander</li>
							<li>Pirate</li>
						</heldByFactionCategoryTags>
					</value>
				</li>
				<li Class="PatchOperationInsert">
					<xpath>/Defs/ResearchProjectDef[defName="ShipReactor"]/researchViewY</xpath>
					<value>
						<techprintCount>6</techprintCount>
						<techprintCommonality>3</techprintCommonality>
						<techprintMarketValue>3000</techprintMarketValue>
						<heldByFactionCategoryTags>
							<li>Empire</li>
							<li>Outlander</li>
							<li>Pirate</li>
						</heldByFactionCategoryTags>
					</value>
				</li>
				<li Class="PatchOperationInsert">
					<xpath>/Defs/ResearchProjectDef[defName="ShipEngine"]/researchViewY</xpath>
					<value>
						<techprintCount>6</techprintCount>
						<techprintCommonality>3</techprintCommonality>
						<techprintMarketValue>3000</techprintMarketValue>
						<heldByFactionCategoryTags>
							<li>Empire</li>
							<li>Outlander</li>
							<li>Pirate</li>
						</heldByFactionCategoryTags>
					</value>
				</li>
				<li Class="PatchOperationInsert">
					<xpath>/Defs/ResearchProjectDef[defName="ShipComputerCore"]/researchViewY</xpath>
					<value>
						<techprintCount>6</techprintCount>
						<techprintCommonality>3</techprintCommonality>
						<techprintMarketValue>3000</techprintMarketValue>
						<heldByFactionCategoryTags>
							<li>Empire</li>
							<li>Outlander</li>
							<li>Pirate</li>
						</heldByFactionCategoryTags>
					</value>
				</li>
				<li Class="PatchOperationInsert">
					<xpath>/Defs/ResearchProjectDef[defName="ShipSensorCluster"]/researchViewY</xpath>
					<value>
						<techprintCount>6</techprintCount>
						<techprintCommonality>3</techprintCommonality>
						<techprintMarketValue>3000</techprintMarketValue>
						<heldByFactionCategoryTags>
							<li>Empire</li>
							<li>Outlander</li>
							<li>Pirate</li>
						</heldByFactionCategoryTags>
					</value>
				</li>

				<!--=================================== Royalty =============================================-->
				<li Class="PatchOperationInsert">
					<xpath>/Defs/ResearchProjectDef[defName="NobleApparel"]/researchViewY</xpath>
					<value>
						<techprintCount>1</techprintCount>
						<techprintCommonality>3</techprintCommonality>
						<techprintMarketValue>2000</techprintMarketValue>
						<heldByFactionCategoryTags>
							<li>Empire</li>
							<li>Outlander</li>
							<li>Pirate</li>
						</heldByFactionCategoryTags>
					</value>
				</li>

				<li Class="PatchOperationInsert">
					<xpath>/Defs/ResearchProjectDef[defName="RoyalApparel"]/researchViewY</xpath>
					<value>
						<techprintCount>1</techprintCount>
						<techprintCommonality>3</techprintCommonality>
						<techprintMarketValue>2000</techprintMarketValue>
						<heldByFactionCategoryTags>
							<li>Empire</li>
							<li>Outlander</li>
							<li>Pirate</li>
						</heldByFactionCategoryTags>
					</value>
				</li>

				<li Class="PatchOperationReplace">
					<xpath>/Defs/ResearchProjectDef[defName="CataphractArmor"]/techprintCount</xpath>
					<value>
						<techprintCount>6</techprintCount>
					</value>
				</li>

				<li Class="PatchOperationReplace">
					<xpath>/Defs/ResearchProjectDef[defName="JumpPack"]/techprintCount</xpath>
					<value>
						<techprintCount>3</techprintCount>
					</value>
				</li>

				<li Class="PatchOperationInsert">
					<xpath>/Defs/ResearchProjectDef[defName="Gunlink"]/researchViewY</xpath>
					<value>
						<techprintCount>3</techprintCount>
						<techprintCommonality>3</techprintCommonality>
						<techprintMarketValue>2000</techprintMarketValue>
						<heldByFactionCategoryTags>
							<li>Empire</li>
							<li>Outlander</li>
							<li>Pirate</li>
						</heldByFactionCategoryTags>
					</value>
				</li>

				<li Class="PatchOperationInsert">
					<xpath>/Defs/ResearchProjectDef[defName="BrainWiring"]/researchViewY</xpath>
					<value>
						<techprintCount>2</techprintCount>
						<techprintCommonality>3</techprintCommonality>
						<techprintMarketValue>2000</techprintMarketValue>
						<heldByFactionCategoryTags>
							<li>Empire</li>
							<li>Outlander</li>
							<li>Pirate</li>
						</heldByFactionCategoryTags>
					</value>
				</li>

				<li Class="PatchOperationInsert">
					<xpath>/Defs/ResearchProjectDef[defName="SpecializedLimbs"]/researchViewY</xpath>
					<value>
						<techprintCount>2</techprintCount>
						<techprintCommonality>3</techprintCommonality>
						<techprintMarketValue>2000</techprintMarketValue>
						<heldByFactionCategoryTags>
							<li>Empire</li>
							<li>Outlander</li>
							<li>Pirate</li>
						</heldByFactionCategoryTags>
					</value>
				</li>

				<li Class="PatchOperationInsert">
					<xpath>/Defs/ResearchProjectDef[defName="CompactWeaponry"]/researchViewY</xpath>
					<value>
						<techprintCount>2</techprintCount>
						<techprintCommonality>3</techprintCommonality>
						<techprintMarketValue>2000</techprintMarketValue>
						<heldByFactionCategoryTags>
							<li>Empire</li>
							<li>Outlander</li>
							<li>Pirate</li>
						</heldByFactionCategoryTags>
					</value>
				</li>

				<li Class="PatchOperationInsert">
					<xpath>/Defs/ResearchProjectDef[defName="VenomSynthesis"]/researchViewY</xpath>
					<value>
						<techprintCount>2</techprintCount>
						<techprintCommonality>3</techprintCommonality>
						<techprintMarketValue>2000</techprintMarketValue>
						<heldByFactionCategoryTags>
							<li>Empire</li>
							<li>Outlander</li>
							<li>Pirate</li>
						</heldByFactionCategoryTags>
					</value>
				</li>

				<li Class="PatchOperationInsert">
					<xpath>/Defs/ResearchProjectDef[defName="ArtificialMetabolism"]/researchViewY</xpath>
					<value>
						<techprintCount>4</techprintCount>
						<techprintCommonality>3</techprintCommonality>
						<techprintMarketValue>4000</techprintMarketValue>
						<heldByFactionCategoryTags>
							<li>Empire</li>
							<li>Outlander</li>
							<li>Pirate</li>
						</heldByFactionCategoryTags>
					</value>
				</li>

				<li Class="PatchOperationInsert">
					<xpath>/Defs/ResearchProjectDef[defName="NeuralComputation"]/researchViewY</xpath>
					<value>
						<techprintCount>4</techprintCount>
						<techprintCommonality>3</techprintCommonality>
						<techprintMarketValue>4000</techprintMarketValue>
						<heldByFactionCategoryTags>
							<li>Empire</li>
							<li>Outlander</li>
							<li>Pirate</li>
						</heldByFactionCategoryTags>
					</value>
				</li>

				<li Class="PatchOperationInsert">
					<xpath>/Defs/ResearchProjectDef[defName="SkinHardening"]/researchViewY</xpath>
					<value>
						<techprintCount>4</techprintCount>
						<techprintCommonality>3</techprintCommonality>
						<techprintMarketValue>4000</techprintMarketValue>
						<heldByFactionCategoryTags>
							<li>Empire</li>
							<li>Outlander</li>
							<li>Pirate</li>
						</heldByFactionCategoryTags>
					</value>
				</li>

				<li Class="PatchOperationInsert">
					<xpath>/Defs/ResearchProjectDef[defName="HealingFactors"]/researchViewY</xpath>
					<value>
						<techprintCount>4</techprintCount>
						<techprintCommonality>3</techprintCommonality>
						<techprintMarketValue>4000</techprintMarketValue>
						<heldByFactionCategoryTags>
							<li>Empire</li>
							<li>Outlander</li>
							<li>Pirate</li>
						</heldByFactionCategoryTags>
					</value>
				</li>

				<li Class="PatchOperationInsert">
					<xpath>/Defs/ResearchProjectDef[defName="FleshShaping"]/researchViewY</xpath>
					<value>
						<techprintCount>2</techprintCount>
						<techprintCommonality>3</techprintCommonality>
						<techprintMarketValue>4000</techprintMarketValue>
						<heldByFactionCategoryTags>
							<li>Empire</li>
							<li>Outlander</li>
							<li>Pirate</li>
						</heldByFactionCategoryTags>
					</value>
				</li>

				<li Class="PatchOperationInsert">
					<xpath>/Defs/ResearchProjectDef[defName="MolecularAnalysis"]/researchViewY</xpath>
					<value>
						<techprintCount>2</techprintCount>
						<techprintCommonality>3</techprintCommonality>
						<techprintMarketValue>4000</techprintMarketValue>
						<heldByFactionCategoryTags>
							<li>Empire</li>
							<li>Outlander</li>
							<li>Pirate</li>
						</heldByFactionCategoryTags>
					</value>
				</li>

				<li Class="PatchOperationInsert">
					<xpath>/Defs/ResearchProjectDef[defName="CircadianInfluence"]/researchViewY</xpath>
					<value>
						<techprintCount>5</techprintCount>
						<techprintCommonality>3</techprintCommonality>
						<techprintMarketValue>4000</techprintMarketValue>
						<heldByFactionCategoryTags>
							<li>Empire</li>
							<li>Outlander</li>
							<li>Pirate</li>
						</heldByFactionCategoryTags>
					</value>
				</li>

				<li Class="PatchOperationInsert">
					<xpath>/Defs/ResearchProjectDef[defName="Harp"]/researchViewY</xpath>
					<value>
						<techprintCount>1</techprintCount>
						<techprintCommonality>3</techprintCommonality>
						<techprintMarketValue>2000</techprintMarketValue>
						<heldByFactionCategoryTags>
							<li>Empire</li>
							<li>Outlander</li>
							<li>Pirate</li>
						</heldByFactionCategoryTags>
					</value>
				</li>

				<li Class="PatchOperationInsert">
					<xpath>/Defs/ResearchProjectDef[defName="Harpsichord"]/researchViewY</xpath>
					<value>
						<techprintCount>1</techprintCount>
						<techprintCommonality>3</techprintCommonality>
						<techprintMarketValue>2000</techprintMarketValue>
						<heldByFactionCategoryTags>
							<li>Empire</li>
							<li>Outlander</li>
							<li>Pirate</li>
						</heldByFactionCategoryTags>
					</value>
				</li>

				<li Class="PatchOperationInsert">
					<xpath>/Defs/ResearchProjectDef[defName="Piano"]/researchViewY</xpath>
					<value>
						<techprintCount>1</techprintCount>
						<techprintCommonality>3</techprintCommonality>
						<techprintMarketValue>2000</techprintMarketValue>
						<heldByFactionCategoryTags>
							<li>Empire</li>
							<li>Outlander</li>
							<li>Pirate</li>
						</heldByFactionCategoryTags>
					</value>
				</li>

				<!--=================================== Ideology =============================================-->
				<li Class="PatchOperationInsert">
					<xpath>/Defs/ResearchProjectDef[defName="Biosculpting"]/researchViewY</xpath>
					<value>
						<techprintCount>2</techprintCount>
						<techprintCommonality>3</techprintCommonality>
						<techprintMarketValue>2000</techprintMarketValue>
						<heldByFactionCategoryTags>
							<li>Empire</li>
							<li>Outlander</li>
							<li>Pirate</li>
						</heldByFactionCategoryTags>
					</value>
				</li>

				<li Class="PatchOperationInsert">
					<xpath>/Defs/ResearchProjectDef[defName="Bioregeneration"]/researchViewY</xpath>
					<value>
						<techprintCount>5</techprintCount>
						<techprintCommonality>3</techprintCommonality>
						<techprintMarketValue>3000</techprintMarketValue>
						<heldByFactionCategoryTags>
							<li>Empire</li>
							<li>Outlander</li>
							<li>Pirate</li>
						</heldByFactionCategoryTags>
					</value>
				</li>

				<li Class="PatchOperationInsert">
					<xpath>/Defs/ResearchProjectDef[defName="NeuralSupercharger"]/researchViewY</xpath>
					<value>
						<techprintCount>5</techprintCount>
						<techprintCommonality>3</techprintCommonality>
						<techprintMarketValue>3000</techprintMarketValue>
						<heldByFactionCategoryTags>
							<li>Empire</li>
							<li>Outlander</li>
							<li>Pirate</li>
						</heldByFactionCategoryTags>
					</value>
				</li>

			</operations>
		</match>
	</Operation>
</Patch>