<?xml version="1.0" encoding="utf-8" ?>

<Patch>
	<Operation Class="PatchOperationFindMod">
		<mods>
			<li>Core</li>
		</mods>
		<match Class="PatchOperationSequence">
			<success>Always</success>
			<operations>
				<!-- Поселения -->
				<li Class="PatchOperationReplace">
					<xpath>/Defs/TraderKindDef[defName="Base_Neolithic_Standard" or defName="Base_Outlander_Standard" or defName="Base_Empire_Standard"]//countChances</xpath>
					<value>
							<countChances>
								<li>
									<count>5</count>
									<chance>0.5</chance>
								</li>
								<li>
									<count>6</count>
									<chance>0.5</chance>
								</li>
							</countChances>
					</value>
				</li>
				<!-- Караваны -->
				<!-- племя -->
				<li Class="PatchOperationReplace">
					<xpath>/Defs/TraderKindDef[defName="Base_Neolithic_Standard" or defName="Caravan_Neolithic_BulkGoods" or defName="Caravan_Neolithic_WarMerchant" or defName="Caravan_Neolithic_Slaver" or defName="Caravan_Neolithic_ShamanMerchant"]//countChances</xpath>
					<value>
						<countChances>
							<li>
								<count>3</count>
								<chance>0.5</chance>
							</li>
							<li>
								<count>4</count>
								<chance>0.5</chance>
							</li>
						</countChances>
					</value>
				</li>
				<!-- индустриалы -->
				<li Class="PatchOperationReplace">
					<xpath>/Defs/TraderKindDef[defName="Base_Outlander_Standard" or defName="Caravan_Outlander_BulkGoods" or defName="Caravan_Outlander_CombatSupplier" or defName="Caravan_Outlander_PirateMerchant" or defName="Caravan_Outlander_Exotic"]//countChances</xpath>
					<value>
						<countChances>
							<li>
								<count>5</count>
								<chance>0.5</chance>
							</li>
							<li>
								<count>6</count>
								<chance>0.5</chance>
							</li>
						</countChances>
					</value>
				</li>
				<!-- имперцы -->
				<li Class="PatchOperationReplace">
					<xpath>/Defs/TraderKindDef[defName="Empire_Caravan_TraderGeneral"]//countChances</xpath>
					<value>
						<countChances>
							<li>
								<count>4</count>
								<chance>0.5</chance>
							</li>
							<li>
								<count>5</count>
								<chance>0.5</chance>
							</li>
						</countChances>
					</value>
				</li>
				<!-- корабли -->
				<li Class="PatchOperationReplace">
					<xpath>/Defs/TraderKindDef[defName="Orbital_BulkGoods" or defName="Orbital_CombatSupplier" or defName="Orbital_Exotic" or defName="Orbital_PirateMerchant" or defName="Orbital_Empire"]//countChances</xpath>
					<value>
						<countChances>
							<li>
								<count>6</count>
								<chance>0.5</chance>
							</li>
							<li>
								<count>7</count>
								<chance>0.5</chance>
							</li>
						</countChances>
					</value>
				</li>

				<!-- гости -->
				<li Class="PatchOperationReplace">
					<xpath>/Defs/TraderKindDef[defName="Visitor_Neolithic_Standard" or defName="Visitor_Outlander_Standard"]//countChances</xpath>
					<value>
						<countChances>
							<li>
								<count>1</count>
								<chance>0.5</chance>
							</li>
							<li>
								<count>2</count>
								<chance>0.5</chance>
							</li>
						</countChances>
					</value>
				</li>
			</operations>
		</match>
	</Operation>
</Patch>