<?xml version="1.0" encoding="utf-8" ?>

<Patch>
	<Operation Class="PatchOperationFindMod">
		<mods>
			<li>Vanilla Factions Expanded - Vikings</li>
		</mods>
		<match Class="PatchOperationSequence">
			<success>Always</success>
			<operations>
                <li Class="PatchOperationReplace">
					<xpath>/Defs/TraderKindDef[defName="VFEV_Caravan_Looter"]//countChances</xpath>
					<value>
							<countChances>
								<li>
									<count>5</count>
									<chance>0.5</chance>
								</li>
								<li>
									<count>6</count>
									<chance>0.5</chance>
								</li>
							</countChances>
					</value>
				</li>
            </operations>
		</match>
	</Operation>
</Patch>