<?xml version="1.0" encoding="utf-8" ?>

<Patch>
	<Operation Class="PatchOperationFindMod">
		<mods>
			<li>Vanilla Furniture Expanded - Security</li>
		</mods>
		<match Class="PatchOperationSequence">
			<success>Always</success>
			<operations>

				<li Class="PatchOperationRemove">
					<xpath>/Defs/ThingDef[defName="VFES_Turret_TriRocket"]/costList/Shell_HighExplosive</xpath>
				</li>

				<li Class="PatchOperationReplace">
					<xpath>/Defs/ThingDef[defName="VFES_Gun_MilitaryTurret"]/verbs/li/burstShotCount</xpath>
					<value>
							<burstShotCount>6</burstShotCount>
					</value>
				</li>

				<li Class="PatchOperationReplace">
					<xpath>/Defs/ThingDef[defName="VFES_Gun_ChargeComplex"]/verbs/li/burstShotCount</xpath>
					<value>
							<burstShotCount>8</burstShotCount>
					</value>
				</li>

			</operations>
		</match>
	</Operation>
</Patch>