<?xml version="1.0" encoding="utf-8" ?>

<Patch>
	<Operation Class="PatchOperationFindMod">
		<mods>
			<li>Vanilla Weapons Expanded</li>
		</mods>
		<match Class="PatchOperationSequence">
			<success>Always</success>
			<operations>
				
				<li Class="PatchOperationReplace">
					<xpath>/Defs/ThingDef[defName="VWE_CombatHandgun"]/verbs/li/range</xpath>
					<value>
						<range>20.9</range>
					</value>
				</li>
								
				<li Class="PatchOperationReplace">
					<xpath>/Defs/ThingDef[defName="VWE_CombatHandgun"]/statBases</xpath>
					<value>
							<statBases>
								<WorkToMake>6000</WorkToMake>
								<Mass>1.2</Mass>
								<AccuracyTouch>0.80</AccuracyTouch>
								<AccuracyShort>0.7</AccuracyShort>
								<AccuracyMedium>0.4</AccuracyMedium>
								<AccuracyLong>0.3</AccuracyLong>
								<RangedWeapon_Cooldown>0.72</RangedWeapon_Cooldown>
							</statBases>
					</value>
				</li>
				
				<li Class="PatchOperationReplace">
					<xpath>/Defs/ThingDef[defName="VWE_Bow_Long"]/verbs/li/range</xpath>
					<value>
						<range>29.9</range>
					</value>
				</li>
				
				<li Class="PatchOperationReplace">
					<xpath>/Defs/ThingDef[defName="VWE_Bow_Long"]/statBases</xpath>
					<value>
							<statBases>
								<WorkToMake>6000</WorkToMake>
								<Mass>1.2</Mass>
								<AccuracyTouch>0.45</AccuracyTouch>
								<AccuracyShort>0.7</AccuracyShort>
								<AccuracyMedium>0.76</AccuracyMedium>
								<AccuracyLong>0.82</AccuracyLong>
								<RangedWeapon_Cooldown>3</RangedWeapon_Cooldown>
							</statBases>
					</value>
				</li>
				
				<li Class="PatchOperationReplace">
					<xpath>/Defs/ThingDef[defName="VWE_Bullet_LeverActionRifle"]/projectile</xpath>
					<value>
						    <projectile>
								<damageDef>Bullet</damageDef>
								<damageAmountBase>12</damageAmountBase>
								<speed>60</speed>
							</projectile>
					</value>
				</li>
				
				<li Class="PatchOperationReplace">
					<xpath>/Defs/ThingDef[defName="VWE_Bullet_LightSMG"]/projectile</xpath>
					<value>
						    <projectile>
								<damageDef>Bullet</damageDef>
								<damageAmountBase>5</damageAmountBase>
								<speed>55</speed>
							</projectile>
					</value>
				</li>
				
				<li Class="PatchOperationReplace">
					<xpath>/Defs/ThingDef[defName="VWE_Bullet_HMG"]/projectile</xpath>
					<value>
							<projectile>
								<damageDef>Bullet</damageDef>
								<damageAmountBase>13</damageAmountBase>
								<armorPenetrationBase>0.5</armorPenetrationBase>
								<stoppingPower>3</stoppingPower>
								<speed>40</speed>
							</projectile>
					</value>
				</li>

				<li Class="PatchOperationReplace">
					<xpath>/Defs/ThingDef[defName="VWE_Gun_HMG"]/statBases</xpath>
					<value>
							<statBases>
								<WorkToMake>40000</WorkToMake>
								<Mass>10</Mass>
								<AccuracyTouch>0.4</AccuracyTouch>
								<AccuracyShort>0.48</AccuracyShort>
								<AccuracyMedium>0.4</AccuracyMedium>
								<AccuracyLong>0.24</AccuracyLong>
								<RangedWeapon_Cooldown>2.4</RangedWeapon_Cooldown>
							</statBases>
					</value>
				</li>
				
				<li Class="PatchOperationReplace">
					<xpath>/Defs/ThingDef[defName="VWE_Gun_HMG"]/equippedStatOffsets</xpath>
					<value>
							<equippedStatOffsets>
								<MoveSpeed>-0.15</MoveSpeed>
							</equippedStatOffsets>
					</value>
				</li>
				
				<li Class="PatchOperationReplace">
					<xpath>/Defs/ThingDef[defName="VWE_Gun_HandCannon"]/verbs/li/range</xpath>
					<value>
						<range>26.9</range>
					</value>
				</li>
				
				<li Class="PatchOperationInsert">
				<xpath>/Defs/ThingDef[defName="VWE_Bullet_SawedOffShotgun"]/projectile/damageAmountBase</xpath>
					<value>
						<stoppingPower>2.5</stoppingPower>
					</value>
				</li>
				
				<li Class="PatchOperationReplace">
					<xpath>/Defs/ThingDef[defName="VWE_Bullet_Carbine"]/projectile</xpath>
					<value>
						    <projectile>
								<damageDef>Bullet</damageDef>
								<damageAmountBase>12</damageAmountBase>
								<speed>70</speed>
							</projectile>
					</value>
				</li>
				
				<li Class="PatchOperationReplace">
					<xpath>/Defs/ThingDef[defName="VWE_Gun_Carbine"]/verbs/li/range</xpath>
					<value>
						<range>25.9</range>
					</value>
				</li>
				
				<li Class="PatchOperationReplace">
					<xpath>/Defs/ThingDef[defName="Bullet_AntiMaterialRifle"]/projectile</xpath>
					<value>
						<projectile>
							<damageDef>Bullet</damageDef>
							<damageAmountBase>48</damageAmountBase>
							<stoppingPower>3</stoppingPower>
							<armorPenetrationBase>1</armorPenetrationBase>
							<speed>90</speed>
						</projectile>
					</value>
				</li>
				
				<li Class="PatchOperationReplace">
					<xpath>/Defs/ThingDef[defName="VWE_Gun_AntiMaterialRifle"]/statBases</xpath>
					<value>
						<statBases>
							<WorkToMake>60000</WorkToMake>
							<Mass>8</Mass>
							<AccuracyTouch>0.3</AccuracyTouch>
							<AccuracyShort>0.45</AccuracyShort>
							<AccuracyMedium>0.75</AccuracyMedium>
							<AccuracyLong>0.92</AccuracyLong>
							<RangedWeapon_Cooldown>3</RangedWeapon_Cooldown>
						</statBases>
					</value>
				</li>
				
				<li Class="PatchOperationInsert">
				<xpath>/Defs/ThingDef[defName="VWE_Bullet_ServiceRifle"]/projectile/damageAmountBase</xpath>
					<value>
						<armorPenetrationBase>0.2</armorPenetrationBase>
					</value>
				</li>
				
				<li Class="PatchOperationInsert">
				<xpath>/Defs/ThingDef[defName="Bullet_Leadball"]/projectile/damageAmountBase</xpath>
					<value>
						<stoppingPower>1.5</stoppingPower>
					</value>
				</li>
				
				<li Class="PatchOperationReplace">
					<xpath>/Defs/ThingDef[defName="VWE_Gun_ChargePistol"]/verbs/li/burstShotCount</xpath>
					<value>
						<burstShotCount>2</burstShotCount>
					</value>
				</li>
				
				<li Class="PatchOperationReplace">
					<xpath>/Defs/ThingDef[defName="VWE_Bullet_ChargeSMG"]/projectile</xpath>
					<value>
						   <projectile>
								<damageDef>Bullet</damageDef>
								<damageAmountBase>12</damageAmountBase>
								<armorPenetrationBase>0.35</armorPenetrationBase>
								<speed>70</speed>
							</projectile>
					</value>
				</li>
				
				<li Class="PatchOperationReplace">
					<xpath>/Defs/ThingDef[defName="VWE_Bullet_ChargeSniperRifle"]/projectile</xpath>
					<value>
						   <projectile>
								<damageDef>Bullet</damageDef>
								<damageAmountBase>22</damageAmountBase>
								<armorPenetrationBase>0.48</armorPenetrationBase>
								<stoppingPower>1.5</stoppingPower>
								<speed>80</speed>
							</projectile>
					</value>
				</li>
				
				<li Class="PatchOperationReplace">
					<xpath>/Defs/ThingDef[defName="VWE_Bullet_ChargeMinigun"]/projectile</xpath>
					<value>
						   <projectile>
								<damageDef>Bullet</damageDef>
								<damageAmountBase>10</damageAmountBase>
								<armorPenetrationBase>0.25</armorPenetrationBase>
								<speed>60</speed>
							</projectile>
					</value>
				</li>
				
			</operations>
		</match>
	</Operation>
</Patch>